{
    "Reynolds number": 68458.70124063933,
    "Estimated skin friction coefficient": 0.005299047661494855,
    "Estimated boundary layer thickness": 0.039913148959785996,
    "First-grid spacing": 0.0002837836885593867,
    "Number of prism layers": 19
}